{"nama":["angklung1","angklung2","angklung3"],"idle":["idle1","idle2","idle3"],"pressed":["pressed1","pressed2","pressed3"],"hover":["hover1","hover2","hover3"],"x":[0.20000000298023225,0.4000000059604645,0.6000000238418579],"y":[0.10000000149011612,0.10000000149011612,0.10000000149011612]}
